Residue,Mutation,Forward Primer,Reverse Primer,Tm_Fwd,Tm_Rev
S208,S208D,CTGAAGAACGTGAAGGACAAGATCGGCTCCACC,GGTGGAGCCGATCTTGTCCTTCACGTTCTTCAG,65.0,65.0
S208,S208A,CTGAAGAACGTGAAGGCCAAGATCGGCTCCACC,GGTGGAGCCGATCTTGGCCTTCACGTTCTTCAG,66.7,66.7
T212,T212D,GGACTGAAGAACGTGAAGA,TCTTCACGTTCTTCAGTCC,48.8,48.8
T212,T212A,GGCCTGAAGAACGTGAAGA,TCTTCACGTTCTTCAGGCC,51.7,51.7
S214,S214D,AAGAACGTGAAGGACAAGATCGGCTCCACC,GGTGGAGCCGATCTTGTCCTTCACGTTCTT,63.6,63.6
S214,S214A,AAGAACGTGAAGGCCAAGATCGGCTCCACC,GGTGGAGCCGATCTTGGCCTTCACGTTCTT,65.5,65.5
S396,S396D,GTGATCTACAAGGACCCCGTGGTGTCCGGC,GCCGGACACCACGGGGTCCTTGTAGATCAC,66.7,66.7
S396,S396A,GTGATCTACAAGGCCCCCGTGGTGTCCGGC,GCCGGACACCACGGGGGCCTTGTAGATCAC,68.6,68.6
S202,S202D,GACAGACGGCTGCAGACC,GGTCTGCAGCCGTCTGTC,54.8,54.8
S202,S202A,GCCAGCCGGCTGCAGACC,GGTCTGCAGCCGGCTGGC,60.7,60.7
